,book_name,author,edition_time,price
0,你当像鸟飞往你的山（比尔・盖茨年度特别推荐，登顶《纽约时报》畅销榜80 周！多一个人读到这个真实故事，就多一个人勇敢做自己！）,塔拉,2019-11-01,￥59.00
1,健康日历2021(包邮),丁香医生,2020-09-01,￥79.00
2,人间失格（日本小说家太宰治代表作，190多万条好评的现象级畅销书）,太宰治,2015-08-01,￥19.50
3,小熊和最好的爸爸（全7册）,阿兰德・丹姆,2007-11-01,￥34.70
4,活着（荣获中国版权金奖.作品奖版本，销量逾千万册）,余华,2012-08-01,￥28.00
5,乌合之众 : 大众心理研究,古斯塔夫・勒庞,2018-04-06,￥20.30
6,少年读史记（套装全5册）,张嘉骅,2015-09-01,￥95.00
7,蛤蟆先生去看心理医生（热销23年，英国经典心理咨询入门书，知名心理学家李松蔚强烈推荐 ）,罗伯特・戴博德,2020-07-01,￥36.10
8,侦探与小偷 （教育部统编《语文》推荐阅读，与语文教材无缝对接，手绘精美插图，金钥匙儿童文学大系）,叶永烈,2019-01-01,￥22.10
9,万物由来科学绘本 写给孩子的科普绘本,项华,2020-08-01,￥20.00
10,杀死一只知更鸟（豆瓣9.2，关于勇气与正义的成长教科书，影响全球5000万家庭的“教养宝典”，奥巴马、贝克汉姆、奥普拉鼎力推荐）,哈珀・李,2017-02-01,￥46.50
11,人生海海（麦家重磅力作，莫言、董卿盛赞，发行量超150万册，豆瓣2019年度中国小说榜TOP・1）,麦家,2019-04-16,￥55.00
12,小王子（名家全译本，原版插图精美再现，版语文教材阅读，傅雷翻译出版奖得主郑克鲁法语原文直译）,圣埃克苏佩里,2018-07-19,￥22.10
13,神奇校车・图画书版（全12册，新增科学博览会1册）,乔安娜柯尔,2018-05-10,￥196.00
14,吹牛大王历险记（德国百年童话，名家未删节全译，配德国原版精美插图。排行榜100名之内，销量遥遥领先，暑期月销10000册）,埃・拉斯伯,2017-12-01,￥16.90
15,正面管教(修订版),简・尼尔森,2016-07-01,￥38.00
16,东野圭吾：白夜行（易烊千玺、孟非推荐，东野圭吾作品无冕之王）,东野圭吾,2017-08-09,￥59.60
17,三体：全三册 刘慈欣代表作，亚洲首部“雨果奖”获奖作品！,刘慈欣,2010-11-01,￥86.20
18,审判（豆瓣9.0分高评译本）,卡夫卡,2018-04-01,￥22.30
19,流浪的地球（刘慈欣著，无删节无改写，大人孩子均可阅读，此版本当当网销量遥遥领先！根据本书改编的同名电影2019春节上映。）,刘慈欣,2018-05-01,￥24.70
20,钱穆谈中国历史文化：中国历史精神,钱穆,2019-06-06,￥23.90
21,谈判：如何在博弈中获得更多(第四版)Everything is Negotiable,盖温・肯尼迪,2018-04-06,￥40.10
22,云边有个小卖部（陆定昊诚挚推荐，随书附赠云边镇四季明信片和张嘉佳作词单曲彩蛋）,张嘉佳,2018-07-01,￥28.70
23,次第花开 修订版,希阿荣博堪布,2017-02-01,￥34.70
24,作家榜经典：月亮与六便士（连续3年蝉联当当名著销冠！荣获2017豆瓣阅读桂冠！111万+读者真实五星好评！上海国际学校指定阅读版）,毛姆,2017-01-10,￥33.20
25,马尔克斯：百年孤独（50周年纪念版）,加西亚・马尔克斯,2017-08-01,￥37.90
26,你就是孩子最好的玩具,金伯莉・布雷恩,2020-03-01,￥18.00
27,活法,稻盛和夫,2019-11-01,￥36.10
28,钝感力（渡边淳一经典：具备不为小事动摇的钝感力，才能成为真正的赢家)（团购，请致电400-106-6666转6）,渡边淳一,2018-01-01,￥30.40
29,断舍离,山下英子,2013-07-01,￥25.90
30,晚熟的人（莫言新书）,莫言,2020-07-01,￥57.20
31,毛泽东选集（全四册，32开）  团购电话：4001066666转6,毛泽东,1991-06-01,￥56.70
32,中国最美的100个地方 图说天下 国家地理,图说天下,2012-06-01,￥13.70
33,撒野（巫哲新书）,巫哲,2018-10-01,￥42.70
34,中华人民共和国民法典（实用版）2020年6月新版 团购电话：4001066666转6,中国法制出版社,2020-06-01,￥56.00
35,米小圈脑筋急转弯（第一辑）（套装共4册）,北猫,2016-01-01,￥56.30
36,面纱（毛姆关于女性精神觉醒的经典作品，三次改编成电影。2018全新编校+无删减全译本）,毛姆,2019-01-01,￥24.00
37,万物小历史 和爸妈读万物科学简史 给孩子的万物科普绘本 成长必读,张玉光,2020-06-01,￥20.00
38,米小圈上学记一年级（套装共4册）,北猫,2018-04-01,￥87.90
39,致我独一无二的宝贝（联合国秘书长安东尼奥・古特雷斯高度评价，母婴育儿大V小土大橙子翻译，荣获独立图书优秀奖、新一代独立图书奖）,沙尼・金,2020-10-14,￥38.30
40,丰子恺万般滋味，都是生活,丰子恺,2018-09-01,￥35.40
41,神奇校车・桥梁书版（全20册）,乔安娜柯尔,2014-04-01,￥148.50
42,小王子（袁泉推荐，畅销400万册，1166229条当当读者五星好评。作者基金会官方认证简体中文版）【果麦经典】,安托万・德・圣埃克苏佩里,2018-06-03,￥37.80
43,居里夫人的故事 国际大奖儿童文学读物小学生三四五六年级课外阅读书籍青少年儿童必读名著故事书,埃列娜・多丽,2019-08-01,￥16.10
44,塔木德,塔尔莱特・赫里姆,2009-02-01,￥34.20
45,娜娜（全球十大禁书之一，出版第一天销售55000册创法国出版史记录，北京外国语学院著名翻译家罗国林权威译本）,左拉,2017-08-01,￥32.00
46,半小时漫画历史系列（中国史1-5完结+世界史，共6册）（独家签章版）,陈磊,2020-09-30,￥254.20
47,非暴力沟通,马歇尔,2018-08-31,￥29.40
48,默读（全三册套装）（P大作品）当当专供,Priest,2018-10-01,￥133.60
49,如何说孩子才会听 怎么听孩子才肯说（全新修订版，涂磊推荐）,玛兹丽施,2016-09-01,￥29.80
50,亲密关系：通往灵魂的桥梁（新版）：完美先生魏哲鸣研究与异性完美关系的至佳指南,克里斯多福・孟,2019-04-01,￥42.70
51,笑场（全书新增40000字，李诞首部全新精装纪念版！）,李诞,2020-04-01,￥47.20
52,共情的力量：情商高的人，如何抚慰受伤的灵魂,亚瑟・乔拉米卡利,2019-01-01,￥43.40
53,人间值得（90岁心理医生恒子奶奶写给生活的哲思小书。十点读书、《读者》2019年度“十大影响力好书”、人民日报力荐2020新年书单。）,中村恒子,2019-09-01,￥39.90
54,撒野3完结篇（下单抽送亲签明信片！随书附赠明信片3张、书签1张、主角透卡1张）,巫哲,2020-04-03,￥47.20
55,消失的13级台阶（罗翔推荐！荣获日本推理小说至高荣誉江户川乱步奖！是否值得为一场痛快的复仇，陪葬掉自己的人生？）,高野和明,2020-04-29,￥41.20
56,偷偷藏不住（共2册）,竹已,2020-04-01,￥35.88
57,撒野.2（2020版本）,巫哲,2020-04-04,￥47.20
58,童年（快乐读书吧・六年级上指定阅读，今年暑期月均销15000册，著名翻译家郑海凌无删节全译）,高尔基,2017-08-01,￥20.00
59,追风筝的人（2018年新版）,卡勒德・胡赛尼,2006-05-01,￥34.20
60,走遍中国 图说天下 寻梦之旅,霍晨昕,2019-02-01,￥22.10
61,白日梦我（继《撒野》《少年的你，如此美丽》后，读者期待值爆棚的校园文！新增甜宠番外三则。随书附赠校园万花筒+精美书签）,栖见,2019-07-01,￥66.20
62,月亮与六便士（2019畅销百万册精装典藏版，全译详注+精美彩插，李现推荐）,毛姆,2019-06-01,￥17.50
63,稻草人（语文教材三年级上册“快乐读书吧”篇目，手绘精美插图）,叶圣陶,2018-12-01,￥17.60
64,轻狂2 畅销书作家巫哲燃情力作 当当专属印签版！,巫哲,2020-09-01,￥37.90
65,皮囊【薇娅推荐】（350万册纪念版。直面人生的终极问题，刻在骨头里的故事，容纳一个个既失去家乡又未到达远方的生命。）,蔡崇达,2019-05-01,￥47.20
66,东野圭吾：解忧杂货店（胡歌、王俊凯、刘昊然倾情推荐，简体中文1000万册纪念版）,东野圭吾,2020-09-01,￥59.00
67,胡桃夹子 国际大奖儿童文学读物小学生三四五六年级课外阅读书籍青少年儿童必读名著故事书,E.T.A.霍夫曼,2019-08-01,￥16.10
68,沉思录,马可.奥勒留,2008-02-01,￥16.60
69,浮生六记（详细注解+准确优美直译，你一定能读懂原文。获得台湾认可&出版的大陆仅有版本）,沈复,2019-02-01,￥28.00
70,罗生门（芥川龙之介小说集）《人间失格》作者太宰治是芥川的头号书迷，李现推荐,芥川龙之介,2017-12-01,￥24.20
71,郑渊洁四大名传：皮皮鲁传,郑渊洁,2015-12-01,￥22.30
72,小狗钱钱套装（全2册）青春有你吴泽林推荐！一个童话般的理财故事，一幅没有画框的风景。,博多・舍费尔,2018-04-01,￥63.80
73,红楼梦原著版（上、下册）（全两册）（1-9年级必读书单）（团购电话:400-1066666转6）全本120回,曹雪芹,2013-01-01,￥59.70
74,米小圈脑筋急转弯（第二辑）(套装共4册）,北猫,2020-06-01,￥56.30
75,2021吾皇万睡周历 随书附赠吾皇巴扎黑心情贴纸 陪你度过2021的春夏秋冬！当当独家限量发售,白茶,2020-10-01,￥59.00
76,白色橄榄树（全二册）（ 人气作家玖月继《少年的你，如此美丽》后突破之作！）,玖月,2019-04-01,￥66.20
77,我的第一本地理启蒙书,郑利强,2016-06-01,￥47.30
78,封神演义(青少版，非常适合小学高年级和初中生阅读，2017年低定价，性价比超高),许仲琳,2017-01-01,￥24.90
79,心 稻盛和夫的一生嘱托,稻盛和夫,2020-04-01,￥58.40
80,中华人民共和国民法典(64开红皮烫金) 2020年6月新版 团购电话：4001066666转6,中国法制出版社,2020-06-01,￥6.00
81,我的神奇马桶（奇思妙趣三部曲）（全3册）,铃木典丈,2019-04-01,￥88.50
82,中华人民共和国民法典(32开压纹烫金版 附草案说明) 2020年6月新版 团购电话：4001066666转6,法律出版社,2020-06-01,￥14.70
83,富爸爸穷爸爸（新版本）当当投资理财类畅销图书！本版随书附赠价值198元的“小白财商在线课程”,罗伯特・清崎,2019-08-01,￥85.30
84,霍乱时期的爱情（《百年孤独》作者马尔克斯传世巨著，展示爱情的所有可能）,哥伦比亚,2020-03-01,￥69.00
85,米小圈上学记二年级（套装共4册）,北猫,2018-04-01,￥87.90
86,半小时漫画中国史5（中国史大结局！笑着笑着，大清就亡了！漫画科普开创者混子哥陈磊新作！其实是一本严谨的极简中国史！）,陈磊,2020-09-30,￥48.90
87,夜莺与玫瑰,王尔德,2018-06-01,￥9.90
88,东野圭吾：祈念守护人（东野圭吾2020年全新长篇，全球同步发售）,东野圭吾,2020-06-01,￥59.00
89,平凡的世界：全三册（故事里的中国推荐，八年级下册自主阅读推荐）,路遥,2017-06-01,￥74.50
90,冬之旅：万方剧本精选集（肖战推荐，曹禺诞辰110周年推荐）,万方,2017-02-01,￥20.80
91,古代人的日常生活（古代的光棍多吗？古人怎么擦屁屁？古人夏天如何驱蚊？满足你对古人日常生活的全部好奇！）（当当典藏版）,讲历史的王老师,2020-02-10,￥62.90
92,苏菲的世界（新版）（5-6年级读书清单）,乔斯坦・贾德,2017-09-19,￥36.80
93,关键对话：如何高效能沟通（原书第2版）（珍藏版） 团购电话:4001066666转6,科里・帕特森,2017-05-05,￥27.00
94,大熊先生盖房子（澳大利亚青少年图书奖获奖作家、加拿大总督奖获奖绘者联袂打造）,珍・戈德温,2017-11-01,￥35.60
95,新课标 边城（沈从文代表作）,沈从文,2019-04-01,￥13.50
96,宫西达也超级绘本（加法超人与算术星人+狐狸爸爸笑了等全11册）,宫西达也,2019-02-01,￥176.70
97,人间词话（近代极富盛名的词话著作，集编、校、释、评于一体，赏读于一书）（1-9年级必读书单）,王国维,2015-06-01,￥23.20
98,东野圭吾：恶意（2016版，东野圭吾四大杰作之一）,东野圭吾,2016-11-01,￥27.20
99,100倍超级强势股：我如何在28个月内用4.8万从股市赚到680万（口述股市“贴身肉博”3 000小时，赚取145 972%收益的惊心动魄过程；李大霄、但斌、凯恩斯等股市赢家推荐）。,斯泰恩,2015-11-01,￥48.80
100,任溶溶系列：没头脑和不高兴(注音版）,任溶溶,2018-04-01,￥14.50
101,论语（国学启蒙经典系列。全文注音+详尽注释+精准翻译，无需古文基础，也能轻松读懂）,张圣洁,2019-01-01,￥30.40
102,过节啦 幼儿大科学,肖克之,2019-09-01,￥19.40
103,放学后（东野圭吾成名作）,东野圭吾,2017-09-01,￥45.00
104,好朋友是草莓味 我们吵架了 儿童交友与逆商培养绘本,阿道夫・塞拉,2019-01-01,￥25.00
105,银火箭少年科幻系列・第1辑（8册。亚洲首位“雨果奖”得主刘慈欣主编，根据《流浪地球》改编的电影大年初一上映。套装内图书获银河奖特等奖等多项国际大奖，全球销量超500万册）,刘慈欣,2018-04-02,￥217.60
106,一看就会的思维导图启蒙绘本（歪歪兔童书馆出品）,歪歪兔关键期早教,2019-04-30,￥108.80
107,心安即是归处（季羡林百年生命智慧。央视《朗读者》多次动情朗读本书名篇，贾平凹、白岩松、金庸、林青霞诚意推荐）,季羡林,2020-08-01,￥9.90
108,养育女孩（新版）,史蒂夫・比达尔夫,2020-03-23,￥38.20
109,挪威的森林（2018年新版，村上春树的残酷青春物语，现象级的超级畅销书，三十周年纪念版）,村上春树,2018-03-01,￥38.00
110,古文观止（上下册。畅销23万多册，同类书销量遥遥领先）,吴楚材,2016-09-01,￥41.60
111,答案 巫哲 网络原名《竹木狼马》  读者心中的“巫哲入坑文” 全文逐字修订 再现付家兄弟热血成长之路,巫哲,2020-09-30,￥54.80
112,蒲公英国际大奖小说（全6册）,杰奎琳・凯利,2019-04-01,￥182.20
113,天下无谋之秘卷八书（壹）――罗织经,来俊臣,2010-03-01,￥14.00
114,世界上最棒的礼物――图画中隐藏无数细节，让小小孩玩过瘾！,赖马,2019-06-30,￥44.90
115,东野圭吾：沉默的巡游 （2020年全新力作 中文简体版初次上市）,东野圭吾,2020-03-01,￥59.00
116,外婆的道歉信（畅销100万册，马思纯领读书目。人民日报、央视好评。张皓宸、七英俊推荐。口碑爆棚的温情小说。附赠一封神秘道歉信）,弗雷德里克・巴克曼,2017-05-01,￥39.80
117,野兽国 （凯迪克金奖绘本，莫里斯桑达克代表品）,莫里斯桑达克,2014-06-01,￥35.60
118,养育男孩（典藏版）,史蒂夫・比达尔夫,2019-09-10,￥38.20
119,我爸爸+我妈妈（全2册）――清华附小推荐经典儿童绘本 ！（启发童书馆出品）,安东尼,2019-10-01,￥78.00
120,月亮和六便士（全新导读无删节详注版！ 创500000+读者五星好评奇迹）看“一本好书”，在当当享阅读之趣,毛姆,2017-09-01,￥21.00
121,断舍离（2019新版，全新修订50%以上内容）宫崎骏、张德芬、李冰冰的减法哲学,山下英子,2019-01-11,￥42.70
122,中国传统色：故宫里的色彩美学,郭浩,2020-09-25,￥118.00
123,暂坐,贾平凹,2020-09-01,￥43.50
124,鲜衣怒马少年时-唐宋诗人的诗酒江湖（当当专享印章版，附赠精美海报“唐诗江湖关系谱”“千里江山图”）,少年怒马,2020-02-01,￥46.50
125,科幻世界・三体(二)黑暗森林,刘慈欣,2008-05-01,￥28.30
126,我喜欢生命本来的样子(周国平经典散文作品集),周国平,2017-02-01,￥40.10
127,尼尔斯骑鹅旅行记（又译《尼尔斯骑鹅历险记》《骑鹅旅行记》，瑞典皇家北极星勋章、国际安徒生奖获得者石琴娥全译本）,塞尔玛・拉格洛夫,2018-12-01,￥22.10
128,一九八四（又译“1984”。奥威尔代表作，被誉为20世纪影响极为深远的文学经典之一，著名反乌托邦杰作）,乔治・奥威尔,2018-02-05,￥28.50
129,捣蛋鬼日记 国际大奖儿童文学读物小学生三四五六年级课外阅读书籍青少年儿童必读名著故事书,万巴,2019-08-01,￥16.10
130,彩虹色的花,麦克,2018-07-01,￥43.70
131,薇娅推荐 陪孩子终身成长（樊登2020年新书！）,樊登,2020-04-01,￥55.40
132,学会爱自己（防性侵，安全意识、行为习惯培养绘本，全14册）,珊蒂克雷文,2016-02-01,￥182.40
133,儒林外史(56回全本，内容考证、文字句读全新修订版。),吴敬梓,2015-07-01,￥20.00
134,围城,钱钟书,1991-02-01,￥24.20
135,神奇校车・动画版（全10册）,乔安娜柯尔,2011-04-05,￥116.80
136,轻狂：白金纪念版（畅销书作家巫哲燃情力作，撒野热血兄弟篇！高燃继续，重磅来袭！）,巫哲,2020-10-01,￥42.00
137,骆驼祥子 国际大奖儿童文学读物小学生三四五六年级课外阅读书籍青少年儿童必读名著故事书,老舍,2019-09-01,￥16.10
138,默读（Priest作品）,Priest,2018-02-01,￥42.70
139,死亡万花筒秋石 西子绪著实体书言情惊悚纯爱小说年度榜单畅销类青春小说 死亡万花筒秋石,西子绪,2019-05-23,￥38.80
140,小鹿斑比（名家全译本，国际大师原版插图精美再现，此版当当销量靠前）,费利克斯・萨尔登,2018-12-01,￥17.60
141,皮特猫・3~6岁好性格养成书：第一辑（共6册）（乐观、积极、开朗……荣获19项大奖的好性格榜样，在美国家喻户晓）,艾瑞克・利温,2018-07-01,￥132.90
142,一生的旅程：迪士尼CEO自述（樊登博士倾力推荐！比尔盖茨罕见2000字推荐的神级领导力教科书！请比我优秀的人为我工作！）,罗伯特.艾格,2020-09-30,￥86.20
143,华夏万卷字帖5本装 正楷一本通田英章书 楷书硬笔书法学生成人钢笔字帖 大学男女生临摹描红手写体,田英章,2017-07-01,￥29.80
144,【包邮】价值：我对投资的思考 （高瓴资本创始人兼首席执行官张磊的首部力作，团购请致电400-106-6666转6）,张磊,2020-09-30,￥70.80
145,三毛全集02：撒哈拉的故事,三毛,2017-04-01,￥35.00
146,简爱（浙大翻译家宋兆霖翻译，未删减全本。）九年级下册必读书目,夏洛蒂勃朗特,2015-08-01,￥23.80
147,山月记（如果你很迷茫！自我拉扯！一定要读《山月记》。日本文豪中岛敦笔下的中国物语，常年入选日本国语教材）【果麦经典】,中岛敦,2019-02-01,￥42.80
148,宫西达也恐龙系列全套7册（你看起来好像很好吃+我是霸王龙等）,宫西达也,2016-11-01,￥122.20
149,万花筒千里,西子绪,2019-09-28,￥39.80
150,故宫日历2021年（紫禁城六百年，福牛贺新岁！团购电话4001066666转6）,陈丽华,2020-08-01,￥41.80
151,万花筒4一榭 西子绪著 死亡万花筒全套系列完结篇 万花筒实体书广播剧 青春言情推理小说 男主小说畅销书,西子绪,2019-10-29,￥39.80
152,被讨厌的勇气：“自我启发之父”阿德勒的哲学课 全新印刷版,岸一郎,2020-03-05,￥55.00
153,第七天（2018版）,余华,2018-08-01,￥39.50
154,明朝那些事儿全集 增补版（新版全套9册）,当年明月,2017-05-01,￥278.20
155,《写给儿童的中国历史》（全彩铜版14册）中国孩子历史启蒙首选书，连续六年当当童书榜历史类图书状元！加印30次，累销1800万本，读者好评760000+,陈卫平,2014-04-01,￥337.30
156,父与子全集完整版（彩色注音版）小学生课外阅读书籍一二年级带拼音绘本漫画书儿童幽默搞笑故事书语文新课标必读名著文学儿童书籍7-8-9-10周岁,埃・奥・卜劳恩,2018-08-01,￥23.80
157,米小圈上学记三年级（套装共4册）,北猫,2018-04-01,￥87.90
158,日本蜡烛图技术：古老东方投资术的现代指南（畅销30年炒股“圣经”！《华尔街日报》《洛杉矶时报》《财富》重磅推荐！知名金融学者丁圣元翻译修订）,史蒂夫・尼森,2020-03-01,￥93.90
159,国富论(上下册）（全译本、无删减本、畅读本，独家赠送概念导图）,亚当・斯密,2020-06-01,￥75.70
160,神奇的数学（礼品装，包含11本纸板书和11本练习册）,天才教育,2018-04-01,￥292.70
161,把自己作为方法：与项飙谈话,项飙,2020-07-01,￥40.50
162,岛上书店（李现推荐，每个人的生命中，都有无比艰难的那一年，将人生变得美好而辽阔。加・泽文感动全球千万读者的治愈小说！）,加・泽文,2015-05-08,￥31.50
163,我们的身体,艾德兰,2012-06-01,￥138.00
164,500个侦探推理游戏,黄青翔,2011-01-01,￥14.80
165,洞见（《为什么佛学是真的》中文版终得上市！樊登博士重磅推荐，万维钢做序解读，“巴菲特接班人”李录年度推荐必读好书。）,罗伯特・赖特,2020-08-01,￥65.70
166,他笑时风华正茂,舒远,2018-02-01,￥29.40
167,夏天、烟火和我的尸体（乙一16岁惊世成名作，高口碑暗黑杰作，获第6届JUMP小说大奖）,乙一,2019-09-01,￥45.00
168,学会管自己幼儿版-歪歪兔自控力教育系列绘本（全10册，幼儿园必备情绪管理与时间管理绘本）,歪歪兔关键期早教项目组,2017-06-01,￥34.30
169,父母话术训练手册,原田绫子,2018-06-01,￥33.90
170,米小圈上学记四年级（套装共4册）,北猫,2018-04-01,￥87.90
171,成语故事大全（彩图注音版）有声伴读 小学生1-6年级课外读物国学经典儿童亲子系列名师推荐精选成语故事,东北师范大学出版社,2018-07-01,￥15.80
172,米小圈漫画成语（套装共5册）,北猫,2020-01-01,￥87.90
173,故宫六百年（上下册）（去过故宫1000多次的史学大家阎崇年完整讲述故宫600年）,阎崇年,2020-04-30,￥124.00
174,资治通鉴少年简读版(套装全4册） 四册盒装，精华简读；史家打造，全彩插图！,何孝荣,2019-05-01,￥148.20
175,作家榜经典：老人与海（上海德威国际学校推荐阅读！未删节插图珍藏版！免费赠《老人与海》英文原版！传神翻译+精美彩插！）,海明威,2017-02-20,￥33.20
176,中国通史（易中天推崇的史学大师吕思勉的国史入门书，华人世界公认的权威国史巨著）,吕思勉,2015-01-01,￥33.80
177,人间告白（何炅、谢娜、 易烊千玺推荐，花生妈妈金鱼酱写给儿子的信）,金鱼酱,2020-03-01,￥44.80
178,斯凯瑞金色童书・益智经典（百年诞辰纪念版，全4册）（原斯凯瑞金色童书・第一辑）,理查德・斯凯瑞,2019-05-01,￥97.00
179,时间简史（插图本）（央视《朗读者》推荐）,史蒂芬・霍金,2014-06-01,￥45.00
180,家人闲坐，灯火可亲 汪曾祺散文集（愿你有家可回，有人可等。三餐有味，四季有景）,汪曾祺,2020-04-10,￥39.20
181,自卑与超越（也译作《超越自卑》）“生命对你来说可以意味着什么？”,阿尔弗雷德・阿德勒,2017-11-01,￥25.50
182,人性的弱点,卡耐基,2015-06-01,￥25.30
183,哈利・波特（套装1-7册）《语文》教材推荐阅读书目，外国儿童文学经典，新英国版封面平装版,J.K.罗琳,2018-11-01,￥271.60
184,他和她的猫（随书赠送书签、明信片、一封寄给周荡的神秘来信）,唧唧的猫,2018-07-01,￥35.00
185,万花筒南烛 作者西子绪  网络原名《死亡万花筒》 作者全文修订 随书赠人物书签,西子绪,2019-07-20,￥38.80
186,哈利・波特与死亡圣器 （《语文》教材推荐，收入温儒敏撰写的导读，外国儿童文学经典）人民文学出版社,J.K.罗琳,2018-12-01,￥67.62
187,王阳明传：知行合一的心学圣人,燕山刀客,2019-02-28,￥42.70
188,半小时漫画中国哲学史（其实是一本严谨的极简中国哲学史！二混子新作！明明在看诸子百家掐架，看完却懂了中国哲学精华！）,陈磊.半小时漫画团队,2020-08-31,￥48.90
189,梅格时空大冒险・7~14岁儿童文学科幻经典（全5册）（儿童文学史上家喻户晓、不可逾越的经典）,马德琳・英格,2017-07-01,￥206.00
190,橘子不是唯一的水果,珍妮特・温特森,2018-04-01,￥49.00
191,罗尔德・达尔作品典藏（彩图拼音版）―了不起的狐狸爸爸,罗尔德・达尔,2018-09-01,￥27.40
192,窗边的小豆豆(2018版),黑柳彻子,2018-05-01,￥27.20
193,啊2.0（上市3个月，狂销100万册！大冰2020作品，新增10万字并包含旧书全文！）,大冰,2020-08-01,￥37.60
194,科幻世界・三体(一),刘慈欣,2008-01-01,￥20.40
195,刑法学讲义（罗翔普法故事会，拆穿生活的套路，看透舆论的陷阱，人人都能拥有法学智慧。人民日报、央视激赏推荐，千万读者好评）,罗翔,2020-07-01,￥64.50
196,结构性改革：中国经济的问题与对策 黄奇帆著 团购电话:4001066666转6,黄奇帆,2020-08-20,￥52.80
197,地球小历史 成长必读 科普绘本,颜辉,2019-11-01,￥31.20
198,从拖延到自律：超级自控力训练计划,舒娅,2019-08-01,￥40.20
199,风声（《人生海海》作者麦家经典力作，全新修订版！经历过大孤独、大绝望的人，会懂得《风声》给你的大坚韧和大智慧。）,麦家,2020-10-31,￥58.70
200,房思琪的初恋乐园 （豆瓣9.2高分！数百万读者强烈共鸣的文学绝唱）,林奕含,2018-02-01,￥42.70
201,自在独行 贾平凹的独行世界（畅销300万册的国民精神读本，中国作家协会推荐精读）,贾平凹,2016-05-01,￥13.20
202,桃李春风一杯酒：唐朝诗人的快意人生 （中国诗词大会通关必读，独家书签版）,叶楚桥,2019-01-01,￥44.50
203,等风轻抚你+偷偷藏不住,唧唧的猫,2020-07-01,￥100.80
204,终身成长：重新定义成功的思维模式,卡罗尔・德韦克,2017-11-01,￥47.20
205,科幻世界・三体Ⅱ・黑暗森林（典藏版）,刘慈欣,2016-06-30,￥37.20
206,中国历代政治得失 钱穆（新校本）,钱穆,2013-12-28,￥15.20
207,如果历史是一群喵1-6（套装共6册）,肥志,2020-06-10,￥318.00
208,舒克贝塔传（全10册）,郑渊洁,2017-08-01,￥178.00
209,假如给我三天光明（新课标，未删节全译本，海伦・凯勒在逆境中创造奇迹的伟大自传，被时代周刊评为20世纪美国十大英雄偶像之一）,凯勒,2015-01-01,￥15.30
210,爱的教育（语文快乐读书吧・六年级上阅读，夏D尊流芳90年经典译本，19万好评，2015年低定价、性价比超高）,亚米契斯,2015-01-01,￥16.00
211,夏洛的网(2020版） 教育部推荐三四年级阅读书目,怀特,2014-08-01,￥29.20
212,民国往事,萨沙,2015-05-01,￥12.10
213,一本书读懂法律常识：解答日常法律难题的十万个为什么（常用法律速查速用）,张红军,2015-06-01,￥33.60
214,人生（茅盾文学奖得主路遥代表作，全新精装版）,路遥,2020-02-01,￥45.00
215,汤姆・索亚历险记（名家全译本，国际大师原版插图精美再现，新版本）,马克・吐温,2018-12-01,￥22.10
216,半小时漫画中国史：经济篇（透过经济看历史，一不小心看透历史发展的规律！桓公称霸靠贸易战？武帝打仗靠抢饭碗？混子哥新作！）,陈磊.半小时漫画团队,2020-09-30,￥48.90
217,默读.2（Priest作品）,Priest,2018-07-01,￥45.50
218,少年读徐霞客游记（套装全3册）,刘兴诗,2020-09-01,￥95.00
219,雪国（川端康成诺贝尔文学奖获奖作，全新精装典藏版）,川端康成,2020-03-01,￥49.00
220,海底两万里（语文教材七年级下必读名著，翻译家陈筱卿翻译，22万好评，销量遥遥领先，长期雄踞排行榜前列）,儒勒・凡尔纳,2017-09-01,￥10.10
221,向上生长（九边作品。让选择变得精准，让机遇不再错失。 悉数解决人生困惑问题，实现向上生长。）,九边,2020-05-06,￥40.50
222,稻盛和夫经典书系 干法 （团购，请致电400-106-6666转6）,稻盛和夫,2019-10-15,￥26.00
223,神奇校车・阅读版（全16册）-儿童文学,乔安娜柯尔,2011-06-01,￥126.70
224,太空小历史 成长必读 科普绘本,颜辉,2019-11-01,￥31.20
225,郑渊洁四大名传：鲁西西传,郑渊洁,2015-12-01,￥22.30
226,阿米巴经营――畅销十周年纪念版，当当全国独家（团购，请致电400-106-6666转6）,稻盛和夫,2016-03-01,￥27.30
227,论语全解 精装读书会,方韬,2018-10-01,￥36.30
228,青鸟 国际大奖儿童文学读物小学生三四五六年级课外阅读书籍青少年儿童必读名著故事书,莫里斯・梅特林克,2019-08-01,￥16.10
229,我心归处是敦煌：樊锦诗自述（2019中国好书！2019感动中国人物！人民日报推荐 “敦煌的女儿”樊锦诗唯一自传）团购电话:4001066666转6,樊锦诗,2019-10-01,￥64.60
230,见识城邦・人类简史：从动物到上帝（新版）,尤瓦尔・赫拉利,2017-01-01,￥40.80
231,DK幼儿百科全书――那些重要的事,英国DK公司,2017-07-01,￥132.50
232,失落的卫星：深入中亚大陆的旅程,刘子超,2020-06-01,￥69.00
233,大哥（套装共2册）,Priest,2016-04-01,￥60.70
234,全球通史:从史前史到21世纪（第7版修订版上下册，当当独家赠送全球通史主题笔记本）,斯塔夫里阿诺斯,2006-10-01,￥91.00
235,局外人（如果你在人群中感到格格不入，一定要读《局外人》 ！全新精装插图珍藏版！诺奖作品，此生必读，耐人回味。）【读客经典文库】,加缪,2019-03-01,￥39.00
236,目光（陶勇医生首部文学随笔，董卿《朗读者》感动推荐，周国平/倪萍亲笔作序，贾平凹/白岩松/邓亚萍/孙俪真挚推荐。）,陶勇,2020-10-01,￥47.20
237,不吼不叫：如何平静地让孩子与父母合作,罗娜・雷纳,2016-03-01,￥26.60
238,好朋友是草莓味 酸酸甜甜的下雨天 儿童交友与逆商培养绘本,阿道夫・塞拉,2019-01-01,￥25.00
239,漫漫求水路-蒲公英海外优秀儿童文学书系10,琳达・休・帕克,2016-02-01,￥14.90
240,万万没想到：321个冷知识,玛蒂尔达・马斯特,2020-09-01,￥49.00
241,把妈妈的话装进耳朵里,玛尔塔・帕拉雷斯,2019-04-01,￥38.20
242,邓小平时代,傅高义,2013-01-01,￥56.70
243,那个不为人知的故事,Twentine,2020-10-01,￥33.60
244,愿你慢慢长大（与刘瑜、周国平、冯唐等名家一起开始一场温柔的教养旅程，聊一聊关于教养的真心话，感受孩子成长的真实意义。）,刘瑜,2018-01-01,￥38.00
245,红星照耀中国  青少版 八年级上册必读 人民文学出版社 团购电话4001066666转6,埃德加・斯诺,2017-06-01,￥28.10
246,好朋友是草莓味 糟糕的野餐 儿童交友与逆商培养绘本,阿道夫・塞拉,2019-01-01,￥25.00
247,科幻世界・三体(三)死神永生,刘慈欣,2010-11-01,￥33.60
248,吸引力法则（稻盛和夫推荐学习的课程。掌握吸引力法则是创造梦想人生的关键！销售、谈判、职场、人际关系……成功工具书。）,杰克・坎菲尔德,2018-04-01,￥24.60
249,半小时漫画科学史（漫画式科普开创者二混子新作！从地心说到相对论，半小时读懂人类如何从蒙昧走向理性。）（随机专享签章版）,陈磊・半小时漫画团队,2020-05-31,￥39.90
250,小兔子学花钱系列・3~7岁孩子的首套财商启蒙绘本（全3册）（学花钱、学赚钱、学存钱，3岁对钱有概念，7岁会管零花钱！）,辛德斯・麦克劳德,2020-03-13,￥122.00
251,花婆婆――清华附小推荐的经典绘本！美国国家图书奖作品！,芭芭拉库尼,2019-11-11,￥39.00
252,天才在左 疯子在右(2018全新完整版),高铭,2018-05-01,￥47.20
253,东野圭吾：嫌疑人X的献身（易烊千玺、王凯推荐，至为纯粹的爱情，绝好的诡计）,东野圭吾,2014-06-01,￥24.10
254,偏偏宠爱,藤萝为枝,2020-04-01,￥29.90
255,神笔马良（语文教材二年级下册“快乐读书吧”篇目）,洪汛涛,2018-01-01,￥17.90
256,父与子全集（全彩版）,埃・奥・卜劳恩,2017-04-01,￥32.00
257,墨菲定律（100万册精装纪念版）（只要有可能，就一定会发生。）,张文成,2019-05-08,￥31.50
258,可复制的领导力：樊登的9堂商业课（团购，请致电400-106-6666转6）,樊登,2017-12-01,￥30.40
259,格非：江南三部曲（共3册）（茅盾文学奖超高票获奖）,格非,2019-08-01,￥109.00
260,皮特猫・3~6岁好性格养成书：共四辑（套装1~4辑）（乐观、自信、执著……荣获19项大奖的好性格榜样，在美国家喻户晓）,詹姆斯・迪安,2018-08-17,￥503.60
261,三毛流浪记（彩图注音读物）,张乐平,2017-06-01,￥38.00
262,道德经 精装珍藏本 名社佳作国学典藏 老子传世之作 中国“万经之王” 读通此书可修身齐家可治国平天下,老子,2016-06-30,￥29.20
263,小狗钱钱,博多・舍费尔,2018-04-01,￥32.30
264,刀锋（毛姆经典哲思之作，苏州大学方华文教授全新修订&详细注释本）（抖音推荐20岁必读书单）,毛姆,2018-05-14,￥33.80
265,我有点害怕 好朋友是草莓味 儿童交友与逆商培养绘本,阿道夫・塞拉,2019-12-01,￥25.00
266,浮生六记（畅销300万册，120万+当当网读者五星好评，李现推荐版本，沈复给芸娘的绝美情书）【果麦经典】,沈复,2015-08-01,￥30.40
267,不一样的卡梅拉手绘本（1-12册）,克利斯提昂,2013-06-01,￥114.00
268,一读就上瘾的中国史,温伯陵,2020-09-01,￥41.20
269,原声触摸发声书：听，什么声音（套装全6册）,YOYO出版社,2020-01-01,￥293.70
270,半小时漫画中国史（番外篇）：中国传统节日（屈原自己都过端午，清明原来不用扫墓。看半小时漫画，传统节日的来历瞬间一清二楚！）,陈磊・半小时漫画团队,2019-11-20,￥39.10
271,朝花夕拾(统编语文教材七年级上必读；大语文理念打造：思维导图+详细注释+知识拓展+彩色插图。上市即畅销30000多册),鲁迅,2020-04-21,￥20.80
272,自驱型成长：如何科学有效地培养孩子的自律,威廉,2020-05-15,￥45.00
273,自然生命小历史 成长必读精装绘本,颜辉,2020-04-01,￥20.00
274,我不敢说，我怕被骂――邓超微博推荐的绘本 带给孩子更多勇气和自信的绘本！,皮姆,2019-11-01,￥39.00
275,妙想科学（全12册）,罗伯特・E・韦尔斯,2018-09-01,￥166.30
276,高效学习（“日本学习之神”和田秀树的学习之道）,和田秀树,2018-08-01,￥39.90
277,神奇校车・人文版（全3册）,乔安娜柯尔,2018-06-06,￥53.50
278,小熊宝宝绘本（2018版全15册）蒲蒲兰经典畅销绘本！新手妈妈的育儿宝典，销量超千万册！(0-3岁),佐佐木洋子,2007-05-16,￥94.10
279,动物农场,乔治・奥威尔,2018-03-01,￥21.40
280,人类群星闪耀时（《一个陌生女人的来信》作者茨威格的传记杰作，14位时代英雄，14个人类命运攸关的历史时刻。无删减全译本）,斯蒂芬・茨威格,2018-01-15,￥23.80
281,局外人・鼠疫（局外人又译为“异乡人”。著名翻译家李玉民翻译，拓展性注释，阅读不卡顿）,z法{阿尔贝・加缪,2018-01-01,￥28.10
282,我们内心的冲突（百万册纪念插画典藏本）,卡伦・霍妮,2019-12-01,￥36.70
283,苏东坡传（林语堂纪念典藏精装版）（1-9年级必读书单）,林语堂,2018-01-01,￥52.00
284,长安客（张颂文推荐，大唐版《人类群星闪耀时》，李白、杜甫、王维、白居易、元稹、柳宗元、刘禹锡、李商隐，八位诗人的命运特写）,北溟鱼,2020-05-01,￥45.00
285,我喜欢自己――邓超微博推荐的绘本 带给孩子更多勇气和自信的绘本！,卡尔森,2019-11-01,￥35.10
286,摆渡人（系列畅销千万册。如果命运是一条孤独的河流，谁会是你灵魂的摆渡人？《摆渡人》完结篇即将上市！）,克莱儿・麦克福尔,2015-06-01,￥32.40
287,作家榜经典：人间失格（未删节插图珍藏版，译者荣获日本H氏大奖！我以为自己很孤独，幸好看了《人间失格》!太宰治代表作！）,太宰治,2019-05-01,￥39.90
288,围炉夜话（全译本、无删节本、注释详尽本、畅读本）,王永彬,2020-07-27,￥10.90
289,曹文轩纯美小说系列：草房子,曹文轩,2016-04-01,￥19.40
290,秘密 （东野圭吾创作生涯里程碑）,东野圭吾,2017-11-01,￥45.00
291,饮食术（风靡日本的科学饮食教科书，畅销日本80万册，资深医学博士亲授正确饮食术，送给每个人的控糖、减脂健康忠告）,牧田善二,2020-09-01,￥56.80
292,默读3 大结局（Priest新书，镇魂作者新书，默读系列完结篇）,Priest,2018-09-01,￥45.50
293,许三观卖血记（新版）,余华,2017-09-12,￥30.70
294,无声告白（我们终此一生，就是要摆脱他人的期待，找到真正的自己。就是她！征服欧美文坛的华裔作家伍绮诗！）,伍绮诗,2016-09-01,￥31.50
295,我有友情要出租（拼音版）,方素珍,2017-05-01,￥16.20
296,我们仨（新版）,杨绛,2018-06-01,￥15.40
297,塔木德（又称羊皮卷，精装精华版）,塞妮亚,2015-07-01,￥28.80
298,小金鱼逃走了,五味太郎,2017-04-01,￥35.00
299,沉默的大多数（手稿珍藏版）,王小波,2017-04-01,￥24.10
300,这就是二十四节气：升级版 全四册(文津图书奖获奖图书，销量逾300万册，当当网畅销好书、口碑童书。),高春香,2019-11-01,￥147.00
301,非线性成长――不确定时代下的职业发展和商业通关策略,黄有璨,2020-09-01,￥84.30
302,为什么是中国（金一南2020年全新作品。后疫情时代，中国的优势和未来在哪里？面对全球百年未有之大变局，中国将以何应对？）,金一南,2020-06-01,￥34.20
303,格局（新版）：思维决定出路，格局决定结局,何权峰,2019-08-01,￥34.20
304,从你的全世界路过：修订本（张嘉佳亲笔签名版与普通版本随机发送）,张嘉佳,2019-07-01,￥40.60
305,资本论（全三册）,马克思,2009-04-01,￥130.60
306,"高效能人士的七个习惯（30周年纪念版）（全新增订版）（新增《纽约时报》畅销肖恩・柯维全新观点,管理大师吉姆・柯林斯作序）",史蒂芬・柯维,2020-05-30,￥59.30
307,AWM绝地求生 上册,漫漫何其多,2019-04-01,￥35.20
308,一读就会用的分类成语故事（把成语用起来！随书附赠价值99元在线学习码，全10册，歪歪兔童书馆出品）,歪歪兔童书馆,2020-05-01,￥400.50
309,世界博物馆奇妙之旅（全5册，专为孩子打造的博物通识启蒙绘本。复旦大学文物与博物馆学系周婧景副教授权威推荐。日销量ZUI高达10000册，一月内加印3次，本周六可发货，请放心购买）,徐晓燕,2019-08-01,￥91.80
310,大师开讲：钱穆谈中国历史文化,钱穆,2019-06-06,￥118.70
311,绿山墙的安妮（新课标，哈利・波特系列译者马爱农译）,露西・蒙哥马利,2017-04-01,￥21.00
312,三国演义 ( 青少版，适合小学高年级和初中生阅读),罗贯中,2016-04-01,￥17.00
313,语言表达第一课（全4册）,五味太郎,2020-04-01,￥106.90
314,会说话的汉字（全3册，当当独家配备《亲子阅读指导手册》）,梅子涵,2018-09-01,￥140.60
315,一级律师 木苏里 全球高考作家木苏里又一口碑之作 纯爱都市 收录独家番外 强强联手,木苏里,2020-06-30,￥54.80
316,幽微的人性,李玫瑾,2019-04-01,￥33.90
317,遥远的救世主,豆豆,2018-10-09,￥46.50
318,樊登推荐 人体简史（你的记忆能被篡改！一部从头讲到脚、从里讲到外、从30亿年前讲到今天的人体百科全书！）,比尔.布莱森,2020-06-30,￥62.90
319,骆驼祥子（新课标・部编本语文教材推荐阅读  七年级下）,老舍,2017-08-01,￥17.60
320,100层的房子系列（全4册，《100层的房子》+《地下100层的房子》+《海底100层的房子》+《天空100层的房子》）,岩井俊雄,2018-08-01,￥152.90
321,活着（精装版，余华代表作，易烊千玺推荐阅读版本）,余华,2017-06-01,￥24.10
322,人类群星闪耀时（14个改变人类命运的天才，14个影响人类文明的瞬间！全新精装彩插导读详注版！）（读客经典文库）,茨威格,2019-04-01,￥65.60
323,梁实秋：可能这就是人生吧（人民日报、十点读书推荐，文学泰斗梁实秋趣味散文选，创作100周年特别纪念）,梁实秋,2020-08-01,￥39.00
324,果麦经典：了凡四训（“我命由我不由天！”曾国藩、胡适、稻盛和夫推崇的生活方式手册；费勇教授精美译文）,袁了凡,2017-09-01,￥30.40
325,幼儿学古诗（绘本版，全2册）,中国教育科学研究院学前教育研究中心,2019-08-08,￥76.40
326,你好！数学（超值礼品盒装，共30册）,申惠恩,2012-04-01,￥187.20
327,你想活出怎样的人生（宫崎骏从10岁读到70岁的小说，同名电影制作中，登顶日本2018图书总榜）,吉野源三郎,2019-08-01,￥24.70
328,阴阳师全新系列合集（共3册，电影晴雅集原著小说）,梦枕貘,2019-06-01,￥147.00
329,一只想飞的猫  国际大奖儿童文学读物小学生三四五六年级课外阅读书籍青少年儿童必读名著故事书,陈伯吹,2018-10-01,￥16.10
330,分析与思考--黄奇帆的复旦经济课 团购电话:4001066666转6,黄奇帆,2020-07-01,￥61.80
331,懂你（复旦名师陈果作品！）,陈果,2016-06-01,￥12.00
332,湘行散记：沈从文散文精粹（七年级自主阅读新课标，央视推荐）,沈从文,2019-04-01,￥29.40
333,史记（12万好评，销量遥遥领先。生僻字注音，疑难词注释，小学高年级和初中生非常容易读懂的《史记》）,西汉,2017-01-01,￥18.70
334,不可思议的旅程三部曲（2020版）,艾伦・贝克尔,2020-08-01,￥179.40
335,回归故里,迪迪埃・埃里蓬,2020-05-01,￥45.20
336,手不是用来打人的（儿童好品德系列，全5册）,伊丽莎白・弗迪克,2018-04-01,￥94.10
337,东野圭吾：时生（东野圭吾暖心力作）,东野圭吾,2015-07-01,￥39.50
338,谢谢你，来做妈妈的宝宝,西元洋,2014-05-01,￥28.20
339,宫西达也“你肯定能行”绘本（全18册）,宫西达也,2020-10-01,￥302.10
340,小灵通漫游未来（此版当当网销量靠前。收录《小灵通再游未来》《小灵通三游未来》。精美手绘插图，课外阅读）,叶永烈,2019-01-01,￥29.20
341,昆虫记（文前33张共8页高清彩色照片图+系统分类目录+昆虫谱系表+大量详注+颠覆性纠错，帮你构筑系统、正确的知识体系）,亨利・法布尔,2017-09-01,￥32.70
342,傲慢与偏见（孙致礼先生的译本，幽默&唯美，豆瓣评分9.1分）,奥斯丁,2017-01-01,￥26.40
343,红楼梦 ( 青少版，适合小学高年级和初中生阅读),曹雪芹,2016-01-01,￥21.30
344,我爸爸――清华附小推荐经典儿童绘本！（启发童书馆出品）,安东尼・布朗,2019-10-01,￥39.00
345,新参者（2016版）,东野圭吾,2016-02-01,￥39.50
346,红岩,罗广斌,2017-09-01,￥22.70
347,小鸡球球触感玩具书：全5册,入山智,2016-11-15,￥222.50
348,神奇校车大家族（全73册）,乔安娜柯尔,2018-10-01,￥819.70
349,老人与海（精装）,海明威,2019-07-01,￥31.50
350,钱穆谈中国历史文化：中华文化十二讲,钱穆,2019-06-06,￥21.40
351,孙子兵法・三十六计（新课标，完整原文+详细注释+准确翻译+历史故事，一本少年儿童非常容易读懂的兵书）,孙武,2017-08-01,￥10.10
352,茶花女（令北大中文系教授袁行霈先生“潸然泪下”的爱情悲剧）,小仲马,2017-08-01,￥19.60
353,人生的枷锁（又译《人性的枷锁》，毛姆自认的完美作品，写给在现实中迷茫的每一个人）,威廉・萨默赛特・毛姆,2016-09-01,￥44.50
354,阿Q正传（“精神胜利法”的悲喜剧，另收录《狂人日记》等鲁迅名篇。）,鲁迅,2014-12-01,￥17.00
355,满是空虚之物 今天所拥有的，明天还会存在吗？10篇时间线交错的漫画故事，连结成一个脆弱而亟待珍爱的世界。,阿伏伽德六,2020-08-01,￥39.60
356,张爱玲全集01：倾城之恋（23岁张爱玲成名代表作！收录《倾城之恋》《第一炉香》《金锁记》等热门影视原著小说。王安忆、苏童、蔡康永推荐！）,张爱玲,2019-01-01,￥49.50
357,圣女的救济（东野圭吾经典长篇小说）,东野圭吾,2017-01-01,￥45.00
358,细菌世界历险记 国际大奖儿童文学读物小学生三四五六年级课外阅读书籍青少年儿童必读名著故事书,高士其,2019-08-01,￥16.10
359,奇怪的客人 好朋友是草莓味 儿童交友与逆商培养绘本,阿道夫・塞拉,2019-12-01,￥25.00
360,每天演好一个情绪稳定的成年人,老杨的猫头鹰,2019-06-01,￥45.00
361,新版・小熊很忙系列・第1辑,Benji,2019-06-01,￥140.40
362,【2019诺贝尔经济学奖得主作品】 贫穷的本质（修订版）：我们为什么摆脱不了贫穷,阿比吉特.班纳吉,2018-09-01,￥35.90
363,0-4岁幼儿认知小百科（全3册),吉田纯子,2014-02-01,￥88.00
364,歪歪兔行为习惯系列互动图画书（全10册）,歪歪兔关键期早教项目组,2015-08-18,￥88.20
365,超有趣儿童英语单词图典 成长必读精装绘本,欧马,2020-04-01,￥20.00
366,暖萌科学绘本 你是男孩我是女孩,魏屹,2018-06-01,￥19.40
367,了不起的盖茨比（精装）,F.S.菲兹杰拉德,2019-07-01,￥34.00
368,瓦尔登湖（瓦尔登湖畔，不只是身体的栖息之所，更是精神的沉思之地，李现推荐，1-9年级必读书单）,亨利戴维梭罗,2015-12-01,￥21.30
369,一年顶十年（剽悍一只猫2020年新作！）,剽悍一只猫,2020-03-26,￥48.00
370,这就是物理（函套10册）,约瑟夫・米森,2019-07-01,￥175.80
371,你和我（曹禺全家合影首次曝光，万方老师和肖战对谈，何为痛苦何为对错）,万方,2020-06-01,￥46.90
372,小威向前冲,尼古拉斯・艾伦,2018-04-23,￥35.60
373,九条命的猫-蒲公英海外优秀儿童文学书系9,迪克・金,2015-08-01,￥19.80
374,大卫不可以+大卫上学去+大卫惹麻烦（大卫系列全3册）――清华附小推荐《大卫上学去》；凯迪大奖绘本《大卫不可以》！,大卫,2019-10-10,￥117.00
375,声律启蒙（国学启蒙经典系列。 全文注音+详尽注释+韵部略解+佳对赏析+对联常识，无需音韵基础，也能完全读懂）,张圣洁,2020-05-30,￥21.30
376,汪曾祺散文集：人间知味,汪曾祺,2018-02-05,￥15.50
377,大林和小林（《宝葫芦的秘密》作者张天翼代表作之一，90000+读者五星好评！未删节全本，统编版语文教材推荐阅读）,张天翼,2017-03-01,￥14.40
378,十二生肖的故事――首届丰子恺儿童图画书奖得主  赖马作品！,赖马,2020-03-28,￥44.90
379,奶油味暗恋（上下册）（《全世界最好的你》电视剧原著小说。宋伊人、张耀领衔主演）,竹已,2018-12-01,￥55.00
380,姜小牙上学记（套装共4册）,北猫,2017-10-01,￥79.10
381,万历十五年 一本好书 腾讯视频栏目推荐,黄仁宇,2006-06-01,￥14.30
382,余秋雨 文化苦旅（1-9年级必读书单）,余秋雨,2014-03-01,￥36.10
383,笑猫日记――戴口罩的猫,杨红樱,2020-09-01,￥17.80
384,下雨的书店（全2册）,日向理惠子,2019-02-01,￥63.00
385,你有多自律，就有多自由,卡西,2018-06-01,￥37.90
386,人间失格（太宰治自传体小说）,太宰治,2018-08-01,￥37.90
387,青铜葵花正版曹文轩纯美小说7-8-9-10-12岁草房子系列儿童文学校园青少年版四五六年级下册小学生课外阅读书籍全套原版完整版,曹文轩,2016-04-01,￥19.40
388,温莎王朝：帝国巅峰与至暗时刻,汤姆・利文,2019-08-01,￥72.70
389,父与子全集（升级版） 亲子阅读 扫码点读 二年级上指定阅读,埃・奥・卜劳恩,2020-06-01,￥23.40
390,诺奖少年版（全30册。43万五星好评，日销ZUI高达50000册，系列销量超500万册，教育部全国语文教材审定委员会金波审定）,海明威,2017-04-01,￥448.80
391,朝花夕拾（语文教材七年级上必读名著，24万多好评，2015年低定价、即将退市的高性价畅销书）,鲁迅,2015-01-01,￥14.40
392,给女孩的身体书,凯莉・邓纳姆,2020-09-30,￥29.80
393,遇见未知的自己：全新修订版,张德芬,2019-12-15,￥49.30
394,半小时漫画经济学系列（共4册）（用特别有趣的方式，讲清楚特别艰深的经济学原理。混子哥新作！）(当当专享精美日历）,陈磊.半小时漫画团队,2020-09-30,￥178.10
395,狼王梦（升级版）/动物小说大王沈石溪・品藏书系,沈石溪,2018-07-01,￥20.80
396,小清欢（在我开始确定，我喜欢的人终于也有那么一点点喜欢我的那一刻。）,云拿月,2018-02-01,￥32.60
397,刻意练习：如何从新手到大师 团购电话:4001066666转6,安德斯・艾利克森,2016-10-24,￥23.40
398,慢煮生活（汪曾祺诞辰100周年特别纪念版！毕生精华散文选，2020年畅销领衔之作）,汪曾祺,2019-09-01,￥21.00
399,三国演义（1-60）（蓝函装）,上海人民美术出版社,2004-01-01,￥233.10
400,《DK儿童情绪管理 我不生气 冷静是种超能力》,英国DK公司,2019-06-01,￥55.90
401,某某（当当专享：2张添望Q版折卡+望仔同学录透卡+温暖小剧场+“考试必过”书签+《某某》读者综合测试卷）,木苏里,2020-08-01,￥34.40
402,天蓝色的彼岸,亚历克斯・希勒,2019-03-01,￥34.60
403,谷物大脑,珀尔马特,2015-05-01,￥27.00
404,事实（樊登博士倾力推荐！比尔.盖茨送给全美大学生的毕业礼物！比尔.盖茨逢人就推荐的热门大书！）,汉斯・罗斯林,2019-05-07,￥89.10
405,父与子全集・全彩拼音故事版(郑渊洁推荐版《父与子》！让孩子边读边笑，快速轻松识字，提高表达能力！1-9年级适读）作家榜经典文库,埃・奥・卜劳恩,2019-11-28,￥94.10
406,了不起的我：自我发展的心理学（陈海贤重磅新作，得到App10万+付费用户亲测有效 ）,陈海贤,2019-11-01,￥69.00
407,丰乳肥臀（2020修订升级版）,莫言,2020-03-01,￥58.20
408,一千零一夜（新课标）又名《天方夜谭》。让美丽的公主带你乘坐飞毯，体验异域风情，更适合青少年阅读版本,郅溥浩,2017-08-01,￥24.00
409,小王子（此版本销量靠前！14万+读者五星热议！舒朗大开本）,埃克苏佩里,2017-04-01,￥18.00
410,宝葫芦的秘密（2020版中小学生阅读指导目录推荐，140000读者五星好评）,张天翼,2015-06-01,￥12.00
411,局外人（诺贝尔文学奖得主加缪的代表作，同时收录《局外人》《堕落》）,阿尔贝・加缪,2019-10-01,￥9.90
412,AWM绝地求生 上册+下册,漫漫何其多,2019-04-24,￥70.40
413,漫长的告别（怪不得村上春树读了12遍！每每陷入困境，村上春树便打开《漫长的告别》！全新精装插图珍藏版！）（读客经典文库）,雷蒙德・钱德勒,2018-08-23,￥69.00
414,大宋之变：1063―1086（罗辑思维、得到APP创始人罗振宇重磅推荐，光明好书榜、文学好书榜、华文好书榜推荐图书）,赵冬梅,2020-06-01,￥83.40
415,半小时漫画经济学4：理财篇（零基础搞懂九大理财方式的原理、优点及风险，理财不再盲目选！混子哥新作！）,陈磊.半小时漫画团队,2020-09-30,￥39.10
416,华杉讲透《孙子兵法》（精装珍藏版）团购电话:4001066666转6,华杉,2015-06-10,￥44.80
417,美国儿科学会育儿百科（第7版）,塔尼娅・奥尔特曼,2020-12-01,￥74.50
418,东野圭吾：悲剧人偶,东野圭吾,2018-08-01,￥49.50
419,装台（2020年新版）,陈彦,2020-06-24,￥47.50
420,哈利・波特与魔法石（《语文》教材推荐阅读书目，外国儿童文学经典，新英国版封面平装版）,J.K.罗琳,2018-11-01,￥26.00
421,自控力（畅销300万册纪念版！斯坦福大学广受欢迎的心理学课程！从自知到自控，拿回人生主导权！）,凯利,2017-10-31,￥42.70
422,在教室说错了没关系,莳田晋至,2017-02-01,￥32.00
423,幸好没获奖 好朋友是草莓味 儿童交友与逆商培养绘本,阿道夫・塞拉,2019-12-01,￥25.00
424,罪与罚（刑法学罗翔老师推荐版本。完整无删节“斧头版”。世界心理小说的珠穆朗玛峰。用爱和生活去对抗痛苦！）【果麦经典】,陀思妥耶夫斯基,2019-02-01,￥64.60
425,列那狐的故事（此版本销量靠前！5万+读者五星热议！舒朗大开本，新课标，与《伊索寓言》同入世界四大寓言名单）,季诺夫人,2017-03-01,￥16.80
426,悲惨世界（法国大文豪雨果“命运三部曲”之一，未删节全译版）,维克多・雨果,2016-06-01,￥74.80
427,大江大河四部曲（电视剧《大江大河》原著小说，王凯、杨烁、董子健主演。一部描写改革开放的奇书，豆瓣9.2高分）（套装共4本）,阿耐,2018-06-05,￥313.60
428,全球最美的100个地方 图说天下 国家地理,图说天下.国家地理,2012-06-01,￥13.70
429,梁实秋：岁月疾驰，漫步归家（多一些岁月给家人，留一些闲暇给人生）,梁实秋,2020-10-01,￥20.00
430,山海经 精装珍藏本 中国远古百科奇书，是地理方志亦是神话故事集 精装插图 名社新版,富强,2016-06-30,￥35.40
431,一玩就会的逻辑思维游戏（全8册+游戏操作板1套。歪歪兔出品）,歪歪兔关键期早教项目组,2020-03-10,￥108.80
432,她的小梨窝,唧唧的猫,2018-05-31,￥23.92
433,东野圭吾：假面山庄（东野圭吾烧脑长篇）,东野圭吾,2018-01-01,￥45.00
434,夜晚的潜水艇(陈春成首部短篇小说集，游荡于旧山河与未知宇宙间，汉语的一种风度与可能性，阿乙、贾行家、陆庆屹、东东枪、史航激赏推荐),陈春成,2020-09-01,￥31.20
435,（新版）德国精选科学图画书――牙齿大街的新鲜事（附音频）,安娜,2017-07-01,￥34.30
436,中华人民共和国民法典（大字版）（32开大字条旨红皮烫金）2020年6月新版 团购电话：4001066666转6,中国法制出版社,2020-06-01,￥11.30
437,写给孩子的中国历史 套装共6册,童超,2019-02-01,￥37.10
438,时间管理：超好用的68个时间管理技巧,张姣飞,2020-03-01,￥37.80
439,人间词话 汇编汇校汇评,王国维,2013-09-01,￥31.40
440,解码青春期（了解青春期究竟发生了什么，帮助父母正面管教十几岁的孩子）,乔希,2019-01-01,￥37.90
441,毛泽东选集（全四册，精装）,毛泽东,1991-06-01,￥117.30
442,一百个人的十年-,冯骥才,2014-06-01,￥33.60
443,水浒传（上下册）（全两册）：中国古典文学读本丛书（九年级上册必读）（团购电话:400-1066666转6）,施耐庵,2004-09-01,￥50.60
444,小巴掌童话注音版8册百篇张秋生一二年级课外书必读三年级课外阅读书籍少儿美绘本经典故事书儿童文学畅销童书小学生读物6-12周岁,张秋生,2018-04-18,￥76.20
445,海豚绘本花园：十二生肖传说（平）,加布里尔・王,2018-06-01,￥19.60
446,把坏脾气收起来,卡罗尔・罗思,2017-08-01,￥35.30
447,少年商学院（精装全三册，经济学启蒙、商业启蒙、金融启蒙，打造经济学思维，培养孩子的远见与大格局，樊登、袁晓峰推荐。),英国尤斯伯恩出版公司,2020-06-01,￥234.00
448,独一无二的你+勇敢做自己,克兰兹,2013-02-01,￥56.80
449,父与子全集（全彩精装版）,埃・奥・卜劳恩,2018-04-16,￥40.10
450,细菌世界历险记（又名《灰尘的旅行》，语文快乐读书吧・四年级下指定阅读）[高士其经典科普故事传播科学知识，提升科学素养],高士其,2018-02-05,￥10.30
451,绿野仙踪（新课标原版插图本，著名儿童文学翻译家张炽恒倾情翻译，非改写&非编译）,莱曼・弗兰克・鲍姆,2016-10-12,￥17.00
452,人间生死书 如何活好这一生的“答案之书”（《心的重建》作者代表作！比肩《西藏生死书》！作者被《时代周刊》评为“全球百大思想家”之一）,伊拉莎白・库伯勒・罗斯,2020-09-01,￥44.20
453,影响力（经典版）（新版）（团购，请致电400-106-6666转6）,罗伯特・B.西奥迪尼,2016-09-01,￥33.00
454,银河帝国：基地（科幻必读经典，阿西莫夫封神之作。）,阿西莫夫,2015-09-01,￥33.30
455,柳林风声,肯尼斯格雷厄姆,2013-08-15,￥97.00
456,国内大循环 中国经济发展趋势解读！更加贴近决策层的视角彻底讲透新发展格局下的战略与机遇，厘清所涵盖的“硬核知识点”！,何毅亭,2020-09-01,￥51.60
457,父权制与资本主义（《厌女》作者上野千鹤子新作，女权声明，思考女性地位与男女平等）,上野千鹤子,2020-03-01,￥58.00
458,是谁嗯嗯在我的头上――邓超微博推荐的绘本 带给孩子更多勇气和自信的绘本！,维尔纳霍尔茨瓦特,2019-11-01,￥39.00
459,我们的历史 幼儿趣味中国历史绘本 套装共10册,陈丽华,2019-06-01,￥116.20
460,张爱玲全集02：红玫瑰与白玫瑰（精装典藏版）,张爱玲,2019-01-01,￥49.50
461,作家榜经典：夜航船（年轻人要熟知的4248个文化常识！贾平凹题名版！读过《夜航船》，灵魂才有趣！未删节插图珍藏版，套装共2册）,张岱,2018-11-01,￥99.80
462,当下的力量（珍藏版）,埃克哈特.托利,2013-07-01,￥25.20
463,山海经（白话全译彩图版珍藏版）,徐客,2012-03-01,￥54.40
464,将进酒（共2册）,唐酒卿,2020-04-01,￥46.80
465,极简心理学 : 精神分析的那些事儿,月半弯,2019-12-27,￥41.00
466,我是猫(夏目漱石代表作，精准呈现原著幽默、讽刺风格的全新译本，详细注解+精美彩页),夏目漱石,2019-11-13,￥40.10
467,安徒生童话（语文快乐读书吧・三年级上推荐阅读，著名翻译家叶君健翻译。13万好评，2015年低定价、性价比超高）,安徒生,2015-05-01,￥16.00
468,当我谈跑步时，我谈些什么（2015典藏版）,村上春树,2015-10-01,￥36.00
469,华夏万卷字帖 田英章楷书7000常用字（升级版） 手写体钢笔字帖 学生成人初学者硬笔书法临摹描红繁体字练字帖,田英章,2018-12-01,￥17.10
470,暖萌科学绘本 和爸妈去旅行,黄宇,2018-06-01,￥19.40
471,半小时漫画预防常见病（漫画式科普开创者二混子新作！稍稍改变生活习惯，轻松扫除常见病隐患。）,陈磊.半小时漫画团队,2020-09-30,￥44.10
472,半小时漫画中国史4（看半小时漫画，通五千年历史！漫画科普开创者二混子新作！一到宋朝，梗就扑面而来！系列第4部）,陈磊・半小时漫画团队,2019-09-05,￥48.90
473,如果历史是一群喵7・隋唐风云篇,肥志,2020-10-22,￥43.00
474,季羡林：人间岁月长,季羡林,2020-03-01,￥37.90
475,乖，摸摸头2.0（大冰作品！升级版乖，摸摸头2.0！热销500万册！）,大冰,2019-10-01,￥37.60
476,东野圭吾：毕业（《恶意》系列开篇之作）,东野圭吾,2019-03-01,￥49.50
477,观山海  “百鬼画师”杉泽绝美诠释山海经,杉泽,2018-06-01,￥159.20
478,100层的巴士 麦克米伦世纪,麦克,2017-10-01,￥32.10
479,父母的语言：3000万词汇塑造更强大的学习型大脑 团购电话:4001066666转6,达娜・萨斯金德,2017-09-05,￥29.40
480,球状闪电（典藏版）,刘慈欣,2014-07-01,￥22.20
481,成语大词典（彩色本）成语词典最新修订版23多万名读者热评！团购电话4001066666转6,成语大词典,2020-01-01,￥84.80
482,三十六计 小学生课外阅读书籍三四五六年级必读世界经典名著青少年儿童文学读物故事书名师全解版,龚勋,2016-06-01,￥7.70
483,蚂蚁和西瓜（2018版 细节大搜索 蒲蒲兰低幼畅销书 ）,田村茂,2005-08-09,￥34.10
484,深度思考：不断逼近问题的本质,莫琳・希凯,2018-10-01,￥43.70
485,薛兆丰经济学讲义,薛兆丰,2018-07-01,￥41.80
486,早起的一天――（启发童书馆出品）,赖马,2017-12-01,￥39.00
487,一个陌生女人的来信（茨威格中短篇小说选，豆瓣9.4高评分译作，德文直译无删节）,斯蒂芬・茨威格,2017-09-01,￥18.70
488,中国古典文学四大名著（青少版，适合小学高年级和初中生阅读）,罗贯中,2016-07-20,￥77.60
489,聊斋志异（中国古代灵异与志怪小说的集大成者，收录近500篇知名小说）,蒲松龄,2015-10-01,￥23.80
490,城南旧事（2020版中小学生阅读指导目录推荐，林海音怀念童年的短篇小说集，“20世纪中文小说100强”。2015年低定价、性价比超高）,林海音,2015-06-01,￥17.00
491,牧羊少年奇幻之旅（央视《朗读者》、湖南卫视《天天向上》、李现、黄轩、TFBOYS、高圆圆推荐，能改变一个人一生的书）,保罗・柯艾略,2018-01-01,￥24.10
492,史记（精装全6册 附年表）,司马迁,2016-08-01,￥198.00
493,飘（上下） 世界名著典藏,米切尔,2015-02-01,￥42.20
494,培养孩子的社会情商（47个教养细节培养孩子的社会能力，提升孩子的社会情商）,叶如风,2020-10-12,￥42.40
495,底层逻辑（优秀的人学习思维模型，顶级优秀的人思考底层逻辑）,张羽,2019-11-01,￥39.40
496,AWM绝地求生 下册,漫漫何其多,2019-04-01,￥35.20
497,乡土中国（精装定制版）2019年语文新课标课外必读图书！畅销10年！累计评价20万+,费孝通,2015-05-01,￥21.00
498,西方博弈往事：看透西方的演化逻辑，看懂西方到底会走向何方（九边全新力作）,九边,2020-10-01,￥29.90
499,你就是孩子最好的玩具（升级版）,金伯莉・布雷恩,2017-05-01,￥19.00
